{
    "2": 5000.0,
    "3": 3333.3333333333335,
    "4": 2449.75,
    "5": 1997.4,
    "6": 1666.6666666666667
}